,id,contains index,contains annotations,volume count,volumes,unenumed volumes
0,6b7cc9304415483c859e19e890139dd4,No,Yes,1.0,"OrderedDict([('v001', ['yigchung', 'author', 'book_number', 'sub_title', 'citation', 'book_title', 'tsawa', 'chapter', 'sabche'])])","OrderedDict([('v001', [])])"
1,dbbad24dd5244915ad979169156daaa8,No,Yes,1.0,"OrderedDict([('v001', ['yigchung', 'author', 'book_number', 'sub_title', 'citation', 'book_title', 'tsawa', 'chapter', 'sabche'])])","OrderedDict([('v001', [])])"
2,b81190ea93bf4a979974c5e7f67a510f,No,Yes,1.0,"OrderedDict([('v001', ['yigchung', 'author', 'book_number', 'sub_title', 'citation', 'book_title', 'tsawa', 'chapter', 'sabche'])])","OrderedDict([('v001', [])])"
3,1a51dd08b1224840a8e3d540dea7284d,No,Yes,1.0,"OrderedDict([('v001', ['yigchung', 'author', 'book_number', 'sub_title', 'citation', 'book_title', 'tsawa', 'chapter', 'sabche'])])","OrderedDict([('v001', [])])"
4,6120aaf163c24a589fb9ebbd4e1090ee,No,Yes,1.0,"OrderedDict([('v001', ['yigchung', 'author', 'book_number', 'sub_title', 'citation', 'book_title', 'tsawa', 'chapter', 'sabche'])])","OrderedDict([('v001', [])])"
5,0fff821899534ad38367173a8855dd48,No,Yes,1.0,"OrderedDict([('v001', ['yigchung', 'author', 'book_number', 'sub_title', 'citation', 'book_title', 'tsawa', 'chapter', 'sabche'])])","OrderedDict([('v001', [])])"
6,b66d0e40086c49cfb5e3e545b14b5644,No,Yes,1.0,"OrderedDict([('v001', ['yigchung', 'author', 'book_number', 'sub_title', 'citation', 'book_title', 'tsawa', 'chapter', 'sabche'])])","OrderedDict([('v001', [])])"
7,9266fdb67bb34ecc939ccd55142f3306,No,Yes,1.0,"OrderedDict([('v001', ['yigchung', 'author', 'book_number', 'sub_title', 'citation', 'book_title', 'tsawa', 'chapter', 'sabche'])])","OrderedDict([('v001', [])])"
8,87f4aa62ece7483d96150e9f243076a4,No,Yes,1.0,"OrderedDict([('v001', ['yigchung', 'author', 'book_number', 'sub_title', 'citation', 'book_title', 'tsawa', 'chapter', 'sabche'])])","OrderedDict([('v001', [])])"
9,386265d79a9b4cad9c1de84bb961e317,No,Yes,1.0,"OrderedDict([('v001', ['yigchung', 'author', 'book_number', 'sub_title', 'citation', 'book_title', 'tsawa', 'chapter', 'sabche'])])","OrderedDict([('v001', [])])"
10,9041d02e010042b8a09c9e41924f1fc8,No,Yes,1.0,"OrderedDict([('v001', ['yigchung', 'author', 'book_number', 'sub_title', 'citation', 'book_title', 'tsawa', 'chapter', 'sabche'])])","OrderedDict([('v001', [])])"
11,03f9b65abd7e4810b16e11e6f05c4291,No,Yes,1.0,"OrderedDict([('v001', ['yigchung', 'author', 'book_number', 'sub_title', 'citation', 'book_title', 'tsawa', 'chapter', 'sabche'])])","OrderedDict([('v001', [])])"
12,db838c91e6c64b78a532104f2c7f16b5,No,Yes,1.0,"OrderedDict([('v001', ['yigchung', 'author', 'book_number', 'sub_title', 'citation', 'book_title', 'tsawa', 'chapter', 'sabche'])])","OrderedDict([('v001', [])])"
13,1e3ba083d9f8415388ee1ad8e8ecaec3,No,Yes,1.0,"OrderedDict([('v001', ['yigchung', 'author', 'book_number', 'sub_title', 'citation', 'book_title', 'tsawa', 'chapter', 'sabche'])])","OrderedDict([('v001', [])])"
14,82fd6d077df141628cd7f638b57c70c5,No,Yes,1.0,"OrderedDict([('v001', ['yigchung', 'author', 'book_number', 'sub_title', 'citation', 'book_title', 'tsawa', 'chapter', 'sabche'])])","OrderedDict([('v001', [])])"
15,87a9634ac8e246f8b4468df3184a83d9,No,Yes,1.0,"OrderedDict([('v001', ['yigchung', 'author', 'book_number', 'sub_title', 'citation', 'book_title', 'tsawa', 'chapter', 'sabche'])])","OrderedDict([('v001', [])])"
16,6972e2b4759a4667b7e801ffca7617ee,No,Yes,1.0,"OrderedDict([('v001', ['yigchung', 'author', 'book_number', 'sub_title', 'citation', 'book_title', 'tsawa', 'chapter', 'sabche'])])","OrderedDict([('v001', [])])"
17,093a991fe6354051a0d39c1649f95745,No,Yes,1.0,"OrderedDict([('v001', ['yigchung', 'author', 'book_number', 'sub_title', 'citation', 'book_title', 'tsawa', 'chapter', 'sabche'])])","OrderedDict([('v001', [])])"
18,058d6844a0724916920a4988894d6605,No,Yes,1.0,"OrderedDict([('v001', ['yigchung', 'author', 'book_number', 'sub_title', 'citation', 'book_title', 'tsawa', 'chapter', 'sabche'])])","OrderedDict([('v001', [])])"
19,41067aa3ae424270bc79f107b7677f67,No,Yes,1.0,"OrderedDict([('v001', ['yigchung', 'author', 'book_number', 'sub_title', 'citation', 'book_title', 'tsawa', 'chapter', 'sabche'])])","OrderedDict([('v001', [])])"
20,19f361c884014c5a96e52f8bded3d366,No,Yes,1.0,"OrderedDict([('v001', ['yigchung', 'author', 'book_number', 'sub_title', 'citation', 'book_title', 'tsawa', 'chapter', 'sabche'])])","OrderedDict([('v001', [])])"
21,602ef053ce47421483e97a56192e260b,No,Yes,1.0,"OrderedDict([('v001', ['yigchung', 'author', 'book_number', 'sub_title', 'citation', 'book_title', 'tsawa', 'chapter', 'sabche'])])","OrderedDict([('v001', [])])"
22,1e0862064425475895900563349ac16b,No,Yes,1.0,"OrderedDict([('v001', ['yigchung', 'author', 'book_number', 'sub_title', 'citation', 'book_title', 'tsawa', 'chapter', 'sabche'])])","OrderedDict([('v001', [])])"
23,b0297c109ca148799b771fd3c63a590b,No,Yes,1.0,"OrderedDict([('v001', ['yigchung', 'author', 'book_number', 'sub_title', 'citation', 'book_title', 'tsawa', 'chapter', 'sabche'])])","OrderedDict([('v001', [])])"
24,12d32eb31c1a4cc59741cda99ebc7211,Yes,Yes,120.0,"OrderedDict([('v063', ['peydurma', 'pagination', 'durchen']), ('v112', ['pagination', 'durchen']), ('v103', ['pagination', 'durchen']), ('v068', ['pagination', 'durchen']), ('v059', ['pagination', 'durchen']), ('v102', ['pagination', 'durchen']), ('v106', ['pagination', 'durchen']), ('v025', ['peydurma', 'pagination', 'durchen']), ('v093', ['peydurma', 'pagination', 'durchen']), ('v084', ['pagination', 'durchen']), ('v031', ['pagination', 'durchen']), ('v087', ['pagination', 'durchen']), ('v094', ['pagination', 'durchen']), ('v048', ['pagination', 'durchen']), ('v007', ['pagination', 'durchen']), ('v034', ['peydurma', 'pagination', 'durchen']), ('v040', ['peydurma', 'pagination', 'durchen']), ('v041', ['peydurma', 'pagination', 'durchen']), ('v044', ['pagination']), ('v100', ['pagination', 'durchen']), ('v002', ['pagination', 'durchen']), ('v027', ['peydurma', 'pagination', 'durchen']), ('v108', ['pagination', 'durchen']), ('v095', ['pagination', 'durchen']), ('v060', ['peydurma', 'pagination', 'durchen']), ('v089', ['peydurma', 'pagination', 'durchen']), ('v004', ['peydurma', 'pagination', 'durchen']), ('v079', ['peydurma', 'pagination', 'durchen']), ('v115', ['pagination', 'durchen']), ('v005', ['peydurma', 'pagination', 'durchen']), ('v050', ['pagination', 'durchen']), ('v039', ['pagination', 'durchen']), ('v038', ['peydurma', 'pagination', 'durchen']), ('v028', ['pagination', 'durchen']), ('v045', ['pagination']), ('v032', ['pagination', 'durchen']), ('v091', ['pagination', 'durchen']), ('v006', ['pagination', 'durchen']), ('v013', ['pagination', 'durchen']), ('v001', ['peydurma', 'pagination', 'durchen']), ('v036', ['peydurma', 'pagination', 'durchen']), ('v033', ['pagination', 'durchen']), ('v015', ['peydurma', 'pagination', 'durchen']), ('v119', ['pagination', 'durchen']), ('v076', ['peydurma', 'pagination', 'durchen']), ('v104', ['pagination', 'durchen']), ('v083', ['peydurma', 'pagination', 'durchen']), ('v026', ['peydurma', 'pagination', 'durchen']), ('v073', ['peydurma', 'pagination', 'durchen']), ('v051', ['peydurma', 'pagination', 'durchen']), ('v098', ['peydurma', 'pagination', 'durchen']), ('v080', ['pagination', 'durchen']), ('v043', ['pagination']), ('v018', ['peydurma', 'pagination', 'durchen']), ('v097', ['peydurma', 'pagination', 'durchen']), ('v105', ['pagination', 'durchen']), ('v047', ['pagination', 'durchen']), ('v066', ['peydurma', 'pagination', 'durchen']), ('v107', ['peydurma', 'pagination', 'durchen']), ('v011', ['peydurma', 'pagination', 'durchen']), ('v071', ['peydurma', 'pagination', 'durchen']), ('v012', ['pagination', 'durchen']), ('v021', ['peydurma', 'pagination', 'durchen']), ('v111', ['peydurma', 'pagination', 'durchen']), ('v116', ['peydurma', 'pagination', 'durchen']), ('v054', ['pagination', 'durchen']), ('v118', ['pagination', 'durchen']), ('v114', ['pagination', 'durchen']), ('v090', ['pagination']), ('v008', ['pagination', 'durchen']), ('v037', ['peydurma', 'pagination', 'durchen']), ('v070', ['pagination', 'durchen']), ('v010', ['pagination', 'durchen']), ('v085', ['pagination', 'durchen']), ('v030', ['pagination', 'durchen']), ('v055', ['peydurma', 'pagination', 'durchen']), ('v058', ['peydurma', 'pagination', 'durchen']), ('v082', ['pagination', 'durchen']), ('v065', ['peydurma', 'pagination', 'durchen']), ('v077', ['peydurma', 'pagination', 'durchen']), ('v064', ['peydurma', 'pagination', 'durchen']), ('v109', ['pagination', 'durchen']), ('v052', ['peydurma', 'pagination', 'durchen']), ('v035', ['pagination', 'durchen']), ('v074', ['pagination', 'durchen']), ('v072', ['pagination', 'durchen']), ('v096', ['peydurma', 'pagination', 'durchen']), ('v092', ['peydurma', 'pagination', 'durchen']), ('v046', ['pagination', 'durchen']), ('v022', ['peydurma', 'pagination', 'durchen']), ('v016', ['peydurma', 'pagination', 'durchen']), ('v020', ['pagination', 'durchen']), ('v042', ['pagination']), ('v110', ['pagination', 'durchen']), ('v101', ['pagination', 'durchen']), ('v117', ['pagination', 'durchen']), ('v023', ['pagination', 'durchen']), ('v019', ['peydurma', 'pagination', 'durchen']), ('v086', ['pagination', 'durchen']), ('v088', ['peydurma', 'pagination', 'durchen']), ('v049', ['peydurma', 'pagination', 'durchen']), ('v069', ['pagination', 'durchen']), ('v099', ['pagination', 'durchen']), ('v003', ['pagination', 'durchen']), ('v120', ['pagination', 'durchen']), ('v056', ['peydurma', 'pagination', 'durchen']), ('v024', ['peydurma', 'pagination', 'durchen']), ('v081', ['pagination', 'durchen']), ('v014', ['peydurma', 'pagination', 'durchen']), ('v009', ['pagination', 'durchen']), ('v062', ['peydurma', 'pagination', 'durchen']), ('v067', ['peydurma', 'pagination', 'durchen']), ('v017', ['pagination', 'durchen']), ('v029', ['pagination', 'durchen']), ('v113', ['pagination', 'durchen']), ('v061', ['peydurma', 'pagination', 'durchen']), ('v078', ['peydurma', 'pagination', 'durchen']), ('v075', ['peydurma', 'pagination', 'durchen']), ('v053', ['peydurma', 'pagination', 'durchen']), ('v057', ['peydurma', 'pagination', 'durchen'])])","OrderedDict([('v063', []), ('v112', []), ('v103', []), ('v068', []), ('v059', []), ('v102', []), ('v106', []), ('v025', []), ('v093', []), ('v084', []), ('v031', []), ('v087', []), ('v094', []), ('v048', []), ('v007', []), ('v034', []), ('v040', []), ('v041', []), ('v044', []), ('v100', []), ('v002', []), ('v027', []), ('v108', []), ('v095', []), ('v060', []), ('v089', []), ('v004', []), ('v079', []), ('v115', []), ('v005', []), ('v050', []), ('v039', []), ('v038', []), ('v028', []), ('v045', []), ('v032', []), ('v091', []), ('v006', []), ('v013', []), ('v001', []), ('v036', []), ('v033', []), ('v015', []), ('v119', []), ('v076', []), ('v104', []), ('v083', []), ('v026', []), ('v073', []), ('v051', []), ('v098', []), ('v080', []), ('v043', []), ('v018', []), ('v097', []), ('v105', []), ('v047', []), ('v066', []), ('v107', []), ('v011', []), ('v071', []), ('v012', []), ('v021', []), ('v111', []), ('v116', []), ('v054', []), ('v118', []), ('v114', []), ('v090', []), ('v008', []), ('v037', []), ('v070', []), ('v010', []), ('v085', []), ('v030', []), ('v055', []), ('v058', []), ('v082', []), ('v065', []), ('v077', []), ('v064', []), ('v109', []), ('v052', []), ('v035', []), ('v074', []), ('v072', []), ('v096', []), ('v092', []), ('v046', []), ('v022', []), ('v016', []), ('v020', []), ('v042', []), ('v110', []), ('v101', []), ('v117', []), ('v023', []), ('v019', []), ('v086', []), ('v088', []), ('v049', []), ('v069', []), ('v099', []), ('v003', []), ('v120', []), ('v056', []), ('v024', []), ('v081', []), ('v014', []), ('v009', []), ('v062', []), ('v067', []), ('v017', []), ('v029', []), ('v113', []), ('v061', []), ('v078', []), ('v075', []), ('v053', []), ('v057', [])])"
25,187ed94f85154ea5b1ac374a651e1770,Yes,Yes,120.0,"OrderedDict([('v063', ['peydurma', 'pagination', 'durchen']), ('v112', ['pagination', 'durchen']), ('v103', ['peydurma', 'pagination', 'durchen']), ('v068', ['peydurma', 'pagination', 'durchen']), ('v059', ['peydurma', 'pagination', 'durchen']), ('v102', ['peydurma', 'pagination', 'durchen']), ('v106', ['pagination', 'durchen']), ('v025', ['peydurma', 'pagination', 'durchen']), ('v093', ['peydurma', 'pagination', 'durchen']), ('v084', ['peydurma', 'pagination', 'durchen']), ('v031', ['peydurma', 'pagination', 'durchen']), ('v087', ['peydurma', 'pagination', 'durchen']), ('v094', ['peydurma', 'pagination', 'durchen']), ('v048', ['peydurma', 'pagination', 'durchen']), ('v007', ['peydurma', 'pagination', 'durchen']), ('v034', ['peydurma', 'pagination', 'durchen']), ('v040', ['peydurma', 'pagination', 'durchen']), ('v041', ['peydurma', 'pagination', 'durchen']), ('v044', ['peydurma', 'pagination']), ('v100', ['pagination', 'durchen']), ('v002', ['peydurma', 'pagination', 'durchen']), ('v027', ['peydurma', 'pagination', 'durchen']), ('v108', ['peydurma', 'pagination', 'durchen']), ('v095', ['pagination', 'durchen']), ('v060', ['peydurma', 'pagination', 'durchen']), ('v089', ['peydurma', 'pagination', 'durchen']), ('v004', ['peydurma', 'pagination', 'durchen']), ('v079', ['peydurma', 'pagination', 'durchen']), ('v115', ['peydurma', 'pagination', 'durchen']), ('v005', ['peydurma', 'pagination', 'durchen']), ('v050', ['peydurma', 'pagination', 'durchen']), ('v039', ['peydurma', 'pagination', 'durchen']), ('v038', ['pagination', 'durchen']), ('v028', ['pagination', 'durchen']), ('v045', ['peydurma', 'pagination']), ('v032', ['peydurma', 'pagination', 'durchen']), ('v091', ['pagination', 'durchen']), ('v006', ['pagination', 'durchen']), ('v013', ['peydurma', 'pagination', 'durchen']), ('v001', ['peydurma', 'pagination', 'durchen']), ('v036', ['peydurma', 'pagination', 'durchen']), ('v033', ['peydurma', 'pagination', 'durchen']), ('v015', ['peydurma', 'pagination', 'durchen']), ('v119', ['peydurma', 'pagination', 'durchen']), ('v076', ['peydurma', 'pagination', 'durchen']), ('v104', ['peydurma', 'pagination', 'durchen']), ('v083', ['pagination', 'durchen']), ('v026', ['pagination', 'durchen']), ('v073', ['peydurma', 'pagination', 'durchen']), ('v051', ['peydurma', 'pagination', 'durchen']), ('v098', ['pagination', 'durchen']), ('v080', ['pagination', 'durchen']), ('v043', ['peydurma', 'pagination']), ('v018', ['peydurma', 'pagination', 'durchen']), ('v097', ['pagination', 'durchen']), ('v105', ['pagination', 'durchen']), ('v047', ['pagination', 'durchen']), ('v066', ['peydurma', 'pagination', 'durchen']), ('v107', ['peydurma', 'pagination', 'durchen']), ('v011', ['pagination', 'durchen']), ('v071', ['peydurma', 'pagination', 'durchen']), ('v012', ['peydurma', 'pagination', 'durchen']), ('v021', ['peydurma', 'pagination', 'durchen']), ('v111', ['pagination', 'durchen']), ('v116', ['peydurma', 'pagination', 'durchen']), ('v054', ['peydurma', 'pagination', 'durchen']), ('v118', ['pagination', 'durchen']), ('v114', ['peydurma', 'pagination', 'durchen']), ('v090', ['pagination']), ('v008', ['peydurma', 'pagination', 'durchen']), ('v037', ['peydurma', 'pagination', 'durchen']), ('v070', ['peydurma', 'pagination', 'durchen']), ('v010', ['peydurma', 'pagination', 'durchen']), ('v085', ['peydurma', 'pagination', 'durchen']), ('v030', ['peydurma', 'pagination', 'durchen']), ('v055', ['peydurma', 'pagination', 'durchen']), ('v058', ['peydurma', 'pagination', 'durchen']), ('v082', ['pagination', 'durchen']), ('v065', ['peydurma', 'pagination', 'durchen']), ('v077', ['pagination', 'durchen']), ('v064', ['peydurma', 'pagination', 'durchen']), ('v109', ['peydurma', 'pagination', 'durchen']), ('v052', ['peydurma', 'pagination', 'durchen']), ('v035', ['pagination', 'durchen']), ('v074', ['pagination', 'durchen']), ('v072', ['peydurma', 'pagination', 'durchen']), ('v096', ['pagination', 'durchen']), ('v092', ['peydurma', 'pagination', 'durchen']), ('v046', ['peydurma', 'pagination', 'durchen']), ('v022', ['peydurma', 'pagination', 'durchen']), ('v016', ['peydurma', 'pagination', 'durchen']), ('v020', ['peydurma', 'pagination', 'durchen']), ('v042', ['peydurma', 'pagination']), ('v110', ['peydurma', 'pagination', 'durchen']), ('v101', ['pagination', 'durchen']), ('v117', ['peydurma', 'pagination', 'durchen']), ('v023', ['peydurma', 'pagination', 'durchen']), ('v019', ['peydurma', 'pagination', 'durchen']), ('v086', ['pagination', 'durchen']), ('v088', ['pagination', 'durchen']), ('v049', ['peydurma', 'pagination', 'durchen']), ('v069', ['peydurma', 'pagination', 'durchen']), ('v099', ['peydurma', 'pagination', 'durchen']), ('v003', ['peydurma', 'pagination', 'durchen']), ('v120', ['peydurma', 'pagination', 'durchen']), ('v056', ['peydurma', 'pagination', 'durchen']), ('v024', ['peydurma', 'pagination', 'durchen']), ('v081', ['pagination', 'durchen']), ('v014', ['peydurma', 'pagination', 'durchen']), ('v009', ['peydurma', 'pagination', 'durchen']), ('v062', ['peydurma', 'pagination', 'durchen']), ('v067', ['peydurma', 'pagination', 'durchen']), ('v017', ['peydurma', 'pagination', 'durchen']), ('v029', ['peydurma', 'pagination', 'durchen']), ('v113', ['peydurma', 'pagination', 'durchen']), ('v061', ['peydurma', 'pagination', 'durchen']), ('v078', ['pagination', 'durchen']), ('v075', ['peydurma', 'pagination', 'durchen']), ('v053', ['peydurma', 'pagination', 'durchen']), ('v057', ['peydurma', 'pagination', 'durchen'])])","OrderedDict([('v063', []), ('v112', []), ('v103', []), ('v068', []), ('v059', []), ('v102', []), ('v106', []), ('v025', []), ('v093', []), ('v084', []), ('v031', []), ('v087', []), ('v094', []), ('v048', []), ('v007', []), ('v034', []), ('v040', []), ('v041', []), ('v044', []), ('v100', []), ('v002', []), ('v027', []), ('v108', []), ('v095', []), ('v060', []), ('v089', []), ('v004', []), ('v079', []), ('v115', []), ('v005', []), ('v050', []), ('v039', []), ('v038', []), ('v028', []), ('v045', []), ('v032', []), ('v091', []), ('v006', []), ('v013', []), ('v001', []), ('v036', []), ('v033', []), ('v015', []), ('v119', []), ('v076', []), ('v104', []), ('v083', []), ('v026', []), ('v073', []), ('v051', []), ('v098', []), ('v080', []), ('v043', []), ('v018', []), ('v097', []), ('v105', []), ('v047', []), ('v066', []), ('v107', []), ('v011', []), ('v071', []), ('v012', []), ('v021', []), ('v111', []), ('v116', []), ('v054', []), ('v118', []), ('v114', []), ('v090', []), ('v008', []), ('v037', []), ('v070', []), ('v010', []), ('v085', []), ('v030', []), ('v055', []), ('v058', []), ('v082', []), ('v065', []), ('v077', []), ('v064', []), ('v109', []), ('v052', []), ('v035', []), ('v074', []), ('v072', []), ('v096', []), ('v092', []), ('v046', []), ('v022', []), ('v016', []), ('v020', []), ('v042', []), ('v110', []), ('v101', []), ('v117', []), ('v023', []), ('v019', []), ('v086', []), ('v088', []), ('v049', []), ('v069', []), ('v099', []), ('v003', []), ('v120', []), ('v056', []), ('v024', []), ('v081', []), ('v014', []), ('v009', []), ('v062', []), ('v067', []), ('v017', []), ('v029', []), ('v113', []), ('v061', []), ('v078', []), ('v075', []), ('v053', []), ('v057', [])])"
26,1d88aaf778164d5da36eb7dc41d29f2e,No,Yes,1.0,"OrderedDict([('v001', ['yigchung', 'author', 'book_number', 'sub_title', 'citation', 'book_title', 'tsawa', 'chapter', 'sabche'])])","OrderedDict([('v001', [])])"
27,a7fbe4ba649b421184ae7690c0df8c12,No,Yes,1.0,"OrderedDict([('v001', ['yigchung', 'author', 'book_number', 'sub_title', 'citation', 'book_title', 'tsawa', 'chapter', 'sabche'])])","OrderedDict([('v001', [])])"
28,c1f25688a5da47c1be49a5c0eb0326a5,Yes,Yes,1.0,"OrderedDict([('v001', ['peydurma', 'pagination', 'durchen'])])","OrderedDict([('v001', [])])"
29,e5248654f5e44f8e9216f3f38ed75ee8,Yes,Yes,1.0,"OrderedDict([('v001', ['pagination', 'durchen'])])","OrderedDict([('v001', [])])"
30,4e3c12ff85b6429dbd0d3e05949d4165,Yes,Yes,1.0,"OrderedDict([('v107', ['pagination', 'durchen'])])","OrderedDict([('v107', [])])"
31,caaa3990fb69457e96bbe50c933a401c,Yes,Yes,1.0,"OrderedDict([('v005', ['pagination'])])","OrderedDict([('v005', [])])"
32,65137b7e11bc4dec98ae6ab001b87a12,Yes,Yes,1.0,"OrderedDict([('v098', ['peydurma', 'pagination'])])","OrderedDict([('v098', [])])"
33,9848d64a7ddb42228012d2fb3a0542d1,Yes,Yes,1.0,"OrderedDict([('v105', ['pagination', 'durchen'])])","OrderedDict([('v105', [])])"
34,ff84240ad9434f86b17d6270663dd9e0,Yes,Yes,1.0,"OrderedDict([('v106', ['pagination', 'durchen'])])","OrderedDict([('v106', [])])"
35,5fd69c101b104fb0a6eaffd3820a0b2b,Yes,Yes,1.0,"OrderedDict([('v107', ['peydurma', 'pagination', 'durchen'])])","OrderedDict([('v107', [])])"
36,0398ca58af15467496b1f1e8f2f8c83c,Yes,Yes,1.0,"OrderedDict([('v005', ['pagination', 'durchen'])])","OrderedDict([('v005', [])])"
37,273421a11c3d48009a0a000a2f67586a,Yes,Yes,1.0,"OrderedDict([('v098', ['pagination', 'durchen'])])","OrderedDict([('v098', [])])"
38,f2c01a63073149d2aeef4fbde5e29674,Yes,Yes,1.0,"OrderedDict([('v105', ['pagination', 'durchen'])])","OrderedDict([('v105', [])])"
39,b2b0420b6d444d23a14ee8465a5816d6,Yes,Yes,1.0,"OrderedDict([('v106', ['pagination', 'durchen'])])","OrderedDict([('v106', [])])"
40,cacd011d4286486ea816a3ba088ad56f,No,Yes,1.0,"OrderedDict([('v001', ['yigchung', 'author', 'book_number', 'sub_title', 'citation', 'book_title', 'tsawa', 'chapter', 'sabche'])])","OrderedDict([('v001', [])])"
41,ec079d05cfc84fe3a1f9418f40e0e1ba,No,Yes,1.0,"OrderedDict([('v001', ['yigchung', 'author', 'book_number', 'sub_title', 'citation', 'book_title', 'tsawa', 'chapter', 'sabche'])])","OrderedDict([('v001', [])])"
42,9837d57d560b4208ac89fc297ea5e280,No,Yes,1.0,"OrderedDict([('v001', ['yigchung', 'author', 'book_number', 'sub_title', 'citation', 'book_title', 'tsawa', 'chapter', 'sabche'])])","OrderedDict([('v001', [])])"
43,01292b0324e54896b68c1471612328aa,No,Yes,1.0,"OrderedDict([('v001', ['yigchung', 'author', 'book_number', 'sub_title', 'citation', 'book_title', 'tsawa', 'chapter', 'sabche'])])","OrderedDict([('v001', [])])"
44,W00000003,No,,,,
45,1fc36f3c19234411af6c0ddb78889f7c,No,Yes,1.0,"OrderedDict([('v001', ['yigchung', 'author', 'book_number', 'sub_title', 'citation', 'book_title', 'tsawa', 'chapter', 'sabche'])])","OrderedDict([('v001', [])])"
46,5f4d7e5873c34535ae319a471b66c99e,Yes,No,0.0,,
47,c76b908fca584c1497bba45f5a89fe28,No,No,0.0,,
48,6dca2137df634129a30956c833da52b4,No,Yes,1.0,"OrderedDict([('v001', ['yigchung', 'author', 'book_number', 'sub_title', 'citation', 'book_title', 'tsawa', 'chapter', 'sabche'])])","OrderedDict([('v001', [])])"
49,62a112d5d999447595c4abe31b2fc079,No,Yes,1.0,"OrderedDict([('0001', ['segment'])])","OrderedDict([('0001', [])])"
50,32b530fdea9a420d859f4120144b6ee0,No,Yes,1.0,"OrderedDict([('0001', ['segment'])])","OrderedDict([('0001', [])])"
51,2d86d3d1321a4aaab0a911cf71555232,No,Yes,1.0,"OrderedDict([('0001', ['segment'])])","OrderedDict([('0001', [])])"
52,64e9f328a0fc404eab2c148f11089ff1,No,Yes,1.0,"OrderedDict([('0001', ['segment'])])","OrderedDict([('0001', [])])"
53,131f13ebd19f466882f1891cf7b2229f,No,Yes,1.0,"OrderedDict([('0001', ['segment'])])","OrderedDict([('0001', [])])"
54,7ba0bf2e57274a0db6ed18369e6bda09,No,Yes,1.0,"OrderedDict([('0001', ['segment'])])","OrderedDict([('0001', [])])"
55,97cc7228fba84c8ba5d6966ef3fa9584,No,Yes,1.0,"OrderedDict([('0001', ['segment'])])","OrderedDict([('0001', [])])"
56,ab2bc92539684f72a765ceda84ed4950,No,Yes,1.0,"OrderedDict([('0001', ['segment'])])","OrderedDict([('0001', [])])"
57,ad83a0f95d49419296bef4e3032da88a,No,Yes,1.0,"OrderedDict([('0001', ['segment'])])","OrderedDict([('0001', [])])"
58,4e15e872157e4da081501fa7cc5b4a27,No,Yes,1.0,"OrderedDict([('0001', ['segment'])])","OrderedDict([('0001', [])])"
59,2cef1fe36f0f4a909624ca64dcfcb2cc,No,Yes,1.0,"OrderedDict([('0001', ['segment'])])","OrderedDict([('0001', [])])"
60,4d329c1a2a3e40dcac5e6103dccef5d5,No,Yes,1.0,"OrderedDict([('0001', ['segment'])])","OrderedDict([('0001', [])])"
61,057e24c08e3647afb942ecf740a068e9,No,Yes,1.0,"OrderedDict([('0001', ['segment'])])","OrderedDict([('0001', [])])"
62,f2355414f0dc4bcc98c6d07b5d0fe7e9,No,Yes,1.0,"OrderedDict([('0001', ['segment'])])","OrderedDict([('0001', [])])"
63,34cccff7e5c94adeaf9999cb31f4210f,No,Yes,1.0,"OrderedDict([('0001', ['segment'])])","OrderedDict([('0001', [])])"
64,1a9323f56a3648a096b0c66b7b8bab13,No,Yes,1.0,"OrderedDict([('0001', ['segment'])])","OrderedDict([('0001', [])])"
65,e56fd429c29b4b55b538135b6f6c8ff2,No,Yes,1.0,"OrderedDict([('0001', ['segment'])])","OrderedDict([('0001', [])])"
66,813d6be3d50546d0843bc7ed7a659bd9,No,Yes,1.0,"OrderedDict([('0001', ['segment'])])","OrderedDict([('0001', [])])"
67,fa92257084d04b74b869f09151805ce9,No,Yes,1.0,"OrderedDict([('0001', ['segment'])])","OrderedDict([('0001', [])])"
68,0a9226ae9dee4b3fb57d860e72e5fa40,No,Yes,1.0,"OrderedDict([('0001', ['segment'])])","OrderedDict([('0001', [])])"
69,b0bcf2fb39864d498d144b38af116cd5,No,Yes,1.0,"OrderedDict([('0001', ['segment'])])","OrderedDict([('0001', [])])"
70,524c65492d5f4de98d69f91a28031b40,No,Yes,1.0,"OrderedDict([('0001', ['segment'])])","OrderedDict([('0001', [])])"
71,0bd6f70e99014aaab3905f98d3d761b5,No,Yes,1.0,"OrderedDict([('0001', ['segment'])])","OrderedDict([('0001', [])])"
72,27cb36b7e78b4be0a325a43420ecd05e,No,Yes,1.0,"OrderedDict([('0001', ['segment'])])","OrderedDict([('0001', [])])"
73,f84fa6fc76644ca196cde11a9d1fa6b6,No,Yes,1.0,"OrderedDict([('0001', ['segment'])])","OrderedDict([('0001', [])])"
74,6e4a4e61f87748f79a2f0dac0f09c55c,No,Yes,1.0,"OrderedDict([('0001', ['segment'])])","OrderedDict([('0001', [])])"
75,387af8ea2901481c82404803e44ed89c,No,Yes,1.0,"OrderedDict([('0001', ['segment'])])","OrderedDict([('0001', [])])"
76,e37ce03d8bdd4e8284cf90f291a585e9,No,Yes,1.0,"OrderedDict([('0001', ['segment'])])","OrderedDict([('0001', [])])"
77,56f1b014e2584b378a769d3f143af388,No,Yes,1.0,"OrderedDict([('0001', ['segment'])])","OrderedDict([('0001', [])])"
78,ced3c179866741d990235ebbac367138,No,Yes,1.0,"OrderedDict([('0001', ['segment'])])","OrderedDict([('0001', [])])"
79,67d0a5b5caa641ff94f1d92e842302f2,No,Yes,1.0,"OrderedDict([('0001', ['segment'])])","OrderedDict([('0001', [])])"
80,cb16d8513dc3409d9b0d8b1c051d2949,No,Yes,1.0,"OrderedDict([('0001', ['segment'])])","OrderedDict([('0001', [])])"
81,310a6843d1d14ca4b1abaca9c42d1ab2,No,Yes,1.0,"OrderedDict([('0001', ['segment'])])","OrderedDict([('0001', [])])"
82,8d53316f469e43e8ab322f6ff9f59fc8,No,Yes,1.0,"OrderedDict([('0001', ['segment'])])","OrderedDict([('0001', [])])"
83,a96353db3c16457098af5595c6db1b72,No,Yes,1.0,"OrderedDict([('0001', ['segment'])])","OrderedDict([('0001', [])])"
84,1f32b98155ed4ec2b9751c47a1fc7312,No,Yes,1.0,"OrderedDict([('0001', ['segment'])])","OrderedDict([('0001', [])])"
85,7ea7a1962e274ca8807f60cd7dede1d9,No,Yes,1.0,"OrderedDict([('0001', ['segment'])])","OrderedDict([('0001', [])])"
86,2998e1821f104a24a96baf726b20400f,No,Yes,1.0,"OrderedDict([('0001', ['segment'])])","OrderedDict([('0001', [])])"
87,6bdf8337887246ccb84e29c24719c194,No,Yes,1.0,"OrderedDict([('0001', ['segment'])])","OrderedDict([('0001', [])])"
88,45c913cafa4b48ad9db66456bd5477e1,No,Yes,1.0,"OrderedDict([('0001', ['segment'])])","OrderedDict([('0001', [])])"
89,66865b17d4a944e7bfa9c6cf4a3d67fc,No,Yes,1.0,"OrderedDict([('0001', ['segment'])])","OrderedDict([('0001', [])])"
90,96069c34a5934af5a06c7501030ab11b,No,Yes,1.0,"OrderedDict([('0001', ['segment'])])","OrderedDict([('0001', [])])"
91,f2de277c857f4f1c86388b43feb0b978,No,Yes,1.0,"OrderedDict([('0001', ['segment'])])","OrderedDict([('0001', [])])"
92,7da4b4352cfa446691118b81314ef446,No,Yes,1.0,"OrderedDict([('0001', ['segment'])])","OrderedDict([('0001', [])])"
93,66cb72d832284b51a072ff4106f399cb,No,Yes,1.0,"OrderedDict([('0001', ['segment'])])","OrderedDict([('0001', [])])"
94,448ab154de59402c93d1f10baedffe44,No,Yes,1.0,"OrderedDict([('0001', ['segment'])])","OrderedDict([('0001', [])])"
95,c4a7214f973c49029f5fdb3c3673b263,No,Yes,1.0,"OrderedDict([('0001', ['segment'])])","OrderedDict([('0001', [])])"
96,107f1d41362149d6860a78cef4b4892c,No,Yes,1.0,"OrderedDict([('0001', ['segment'])])","OrderedDict([('0001', [])])"
97,6e82c8c20aa448b3b799efb45024603e,No,Yes,1.0,"OrderedDict([('0001', ['segment'])])","OrderedDict([('0001', [])])"
98,151466dc820e465eb1e6bfd20e182310,No,Yes,1.0,"OrderedDict([('0001', ['segment'])])","OrderedDict([('0001', [])])"
99,d2f7ee5a92754b4e8241cffdd6b2aef3,No,Yes,1.0,"OrderedDict([('0001', ['segment'])])","OrderedDict([('0001', [])])"
100,5550afdb8ff84131b52a97b474dce290,No,Yes,1.0,"OrderedDict([('0001', ['segment'])])","OrderedDict([('0001', [])])"
101,c4ddfefbc6c546888ee2d61977410bfc,No,Yes,1.0,"OrderedDict([('0001', ['segment'])])","OrderedDict([('0001', [])])"
102,d755d92b4b264c399d259d37baf182f3,No,Yes,1.0,"OrderedDict([('0001', ['segment'])])","OrderedDict([('0001', [])])"
103,9639c60337794c3c8ebd743981e461a4,No,Yes,1.0,"OrderedDict([('0001', ['segment'])])","OrderedDict([('0001', [])])"
104,6b31e44a3fdc4b00a026949cba234d92,No,Yes,1.0,"OrderedDict([('0001', ['segment'])])","OrderedDict([('0001', [])])"
105,5fbedbee5d9f4cfa83a51aee51d94cc7,No,Yes,1.0,"OrderedDict([('0001', ['segment'])])","OrderedDict([('0001', [])])"
106,11ab18a471224e439d93785f9337bc38,No,Yes,1.0,"OrderedDict([('0001', ['segment'])])","OrderedDict([('0001', [])])"
107,8c84ce7eee784c2e8735717ccaeb022a,No,Yes,1.0,"OrderedDict([('0001', ['segment'])])","OrderedDict([('0001', [])])"
108,d8d556ca30814d02b0e291b8a86660a6,No,Yes,1.0,"OrderedDict([('0001', ['segment'])])","OrderedDict([('0001', [])])"
109,849004c8fef74c1f8e9005fce07e51b0,No,Yes,1.0,"OrderedDict([('001', ['segment'])])","OrderedDict([('001', [])])"
110,564efacaddfb40278c37f6422f4090a3,No,Yes,1.0,"OrderedDict([('0001', ['segment'])])","OrderedDict([('0001', [])])"
111,f64ac43b27fd48d3bf0a93c03790b74a,No,Yes,1.0,"OrderedDict([('0001', ['segment'])])","OrderedDict([('0001', [])])"
112,4f565780c1bc48c2a20ecc2949cd825a,No,Yes,1.0,"OrderedDict([('0001', ['segment'])])","OrderedDict([('0001', [])])"
113,a614efaa659e444888ffc0915bef8741,No,Yes,1.0,"OrderedDict([('0001', ['segment'])])","OrderedDict([('0001', [])])"
114,6f6dadff534b4e868c4687c1e7c721e9,No,Yes,1.0,"OrderedDict([('0001', ['segment'])])","OrderedDict([('0001', [])])"
115,56c323ceff5d4d2da931de892c002ca5,No,Yes,1.0,"OrderedDict([('0001', ['segment'])])","OrderedDict([('0001', [])])"
116,972c0e8f41da49e2812606b9a66ff7d4,No,Yes,1.0,"OrderedDict([('0001', ['segment'])])","OrderedDict([('0001', [])])"
117,6c827f4e6bf344cdb0075ed121da4839,No,Yes,1.0,"OrderedDict([('0001', ['segment'])])","OrderedDict([('0001', [])])"
118,8fbb414b5fc2486a91539dd11c50021c,No,Yes,1.0,"OrderedDict([('0001', ['segment'])])","OrderedDict([('0001', [])])"
119,d0ec4e25ff4344bc8b566d05d803409e,No,Yes,1.0,"OrderedDict([('0001', ['segment'])])","OrderedDict([('0001', [])])"
120,1d252e7bd6f44269a1e959d07f8ec7ab,No,Yes,1.0,"OrderedDict([('0001', ['segment'])])","OrderedDict([('0001', [])])"
121,ce9ac2c2cc164e798e93c064d6a3a222,No,Yes,1.0,"OrderedDict([('0001', ['segment'])])","OrderedDict([('0001', [])])"
122,7c809a19f8fc4fe4aba81ddfbebd4841,No,Yes,1.0,"OrderedDict([('0001', ['segment'])])","OrderedDict([('0001', [])])"
123,6dfc9ca8dc9c41539ba7da013a6f8247,No,Yes,1.0,"OrderedDict([('0001', ['segment'])])","OrderedDict([('0001', [])])"
124,0e9f443c23e5468183875c87de506a25,No,Yes,1.0,"OrderedDict([('0001', ['segment'])])","OrderedDict([('0001', [])])"
125,163e46e548d7440bada2ea1d5909e760,No,Yes,1.0,"OrderedDict([('0001', ['segment'])])","OrderedDict([('0001', [])])"
126,01a9fd9e5c9d4cbab98c1c42de0411e7,No,Yes,1.0,"OrderedDict([('0001', ['segment'])])","OrderedDict([('0001', [])])"
127,3b8d935ad3db47de9c34975d8bc04926,No,Yes,1.0,"OrderedDict([('0001', ['segment'])])","OrderedDict([('0001', [])])"
128,2076ce7c7dad4bc4986f2393e29d8c46,No,Yes,1.0,"OrderedDict([('0001', ['segment'])])","OrderedDict([('0001', [])])"
129,051bbaacd2a942549ae9f902bb78e6bd,No,Yes,1.0,"OrderedDict([('0001', ['segment'])])","OrderedDict([('0001', [])])"
130,3fac95879d354f26910be37daecbad11,No,Yes,1.0,"OrderedDict([('0001', ['segment'])])","OrderedDict([('0001', [])])"
131,530baf10b25e45cf91c0045807e6dcc6,No,Yes,1.0,"OrderedDict([('0001', ['segment'])])","OrderedDict([('0001', [])])"
132,bb1d391c48af4c93bdf5daf7d6ea95ee,No,Yes,1.0,"OrderedDict([('0001', ['segment'])])","OrderedDict([('0001', [])])"
133,0becb322b5904563bc6b2e28e47a5052,No,Yes,1.0,"OrderedDict([('0001', ['segment'])])","OrderedDict([('0001', [])])"
134,abd01f8b0ccb429c98fcf6d920264ae4,No,Yes,1.0,"OrderedDict([('0001', ['segment'])])","OrderedDict([('0001', [])])"
135,226b8ff8e3104ff9a9d4528dd52f78d2,No,Yes,1.0,"OrderedDict([('0001', ['segment'])])","OrderedDict([('0001', [])])"
136,7771e9ab5af942a09433be3f82b1f628,No,Yes,1.0,"OrderedDict([('0001', ['segment'])])","OrderedDict([('0001', [])])"
137,cc5d29b2cfaf4e5b995468fa8c40a0a5,No,Yes,1.0,"OrderedDict([('0001', ['segment'])])","OrderedDict([('0001', [])])"
138,60fd5479732e475dbbd7254f178281c9,No,Yes,1.0,"OrderedDict([('0001', ['segment'])])","OrderedDict([('0001', [])])"
139,eae426624f2747388516d45aeeb79e32,No,Yes,1.0,"OrderedDict([('0001', ['segment'])])","OrderedDict([('0001', [])])"
140,e74576dd3553404894503cc9b5ffa442,No,Yes,1.0,"OrderedDict([('0001', ['segment'])])","OrderedDict([('0001', [])])"
141,6a5b03596d7a4bb28d0a506901be6862,No,Yes,1.0,"OrderedDict([('0001', ['segment'])])","OrderedDict([('0001', [])])"
142,739dcc89a6e74a5ba1e5da93b3ef5678,No,Yes,1.0,"OrderedDict([('0001', ['segment'])])","OrderedDict([('0001', [])])"
143,078e7e3b89d947d58f703f2d735708e7,No,Yes,1.0,"OrderedDict([('0001', ['segment'])])","OrderedDict([('0001', [])])"
144,48fb916f186d43e5945498f8b72f76d5,No,Yes,1.0,"OrderedDict([('0001', ['segment'])])","OrderedDict([('0001', [])])"
145,88ffdebf112c4ecfa3bf7b23a21b58b5,No,Yes,1.0,"OrderedDict([('0001', ['segment'])])","OrderedDict([('0001', [])])"
146,3f32660be6524ecfb3e74ba7481be29d,No,Yes,1.0,"OrderedDict([('0001', ['segment'])])","OrderedDict([('0001', [])])"
147,c328b0e9b634441780c65972ebb3ff9b,No,Yes,1.0,"OrderedDict([('0001', ['segment'])])","OrderedDict([('0001', [])])"
148,1d7125610b844a348da76f41618cb651,No,Yes,1.0,"OrderedDict([('0001', ['segment'])])","OrderedDict([('0001', [])])"
149,cc42de60c3a847fa8547033324dca1c8,No,Yes,1.0,"OrderedDict([('0001', ['segment'])])","OrderedDict([('0001', [])])"
150,d3c956d3009b4ae3aa7f20fec0c87f30,No,Yes,1.0,"OrderedDict([('0001', ['segment'])])","OrderedDict([('0001', [])])"
151,eda3beb92d864fe6b4e9e36280652011,No,Yes,1.0,"OrderedDict([('0001', ['segment'])])","OrderedDict([('0001', [])])"
152,509340ba27fe4be0b342cd3ff70e0b73,No,Yes,1.0,"OrderedDict([('0001', ['segment'])])","OrderedDict([('0001', [])])"
153,7301467ead6f4de692ac25b6e8721f1e,No,Yes,1.0,"OrderedDict([('0001', ['segment'])])","OrderedDict([('0001', [])])"
154,28ee9a09a7bc41d39de288f5271fdacb,No,Yes,1.0,"OrderedDict([('0001', ['segment'])])","OrderedDict([('0001', [])])"
155,a92500035a5c4bb5aa6ee49fb6da96e8,No,Yes,1.0,"OrderedDict([('0001', ['segment'])])","OrderedDict([('0001', [])])"
156,cfe7d00df508416787249ea9a328c044,No,Yes,1.0,"OrderedDict([('0001', ['segment'])])","OrderedDict([('0001', [])])"
157,64543117f885488988d26dfa34b8527e,No,Yes,1.0,"OrderedDict([('0001', ['segment'])])","OrderedDict([('0001', [])])"
158,d9aff663f4ca47daabfde72a900d045c,No,Yes,1.0,"OrderedDict([('0001', ['segment'])])","OrderedDict([('0001', [])])"
159,9cf438483dc5454e8ce971500495b63c,No,Yes,1.0,"OrderedDict([('0001', ['segment'])])","OrderedDict([('0001', [])])"
160,4d053774f5df483fae04cb029a254174,No,Yes,1.0,"OrderedDict([('0001', ['segment'])])","OrderedDict([('0001', [])])"
161,ce6cbbcb3a75431f95bf72cf619d0a05,No,Yes,1.0,"OrderedDict([('0001', ['segment'])])","OrderedDict([('0001', [])])"
162,db54b41daafd433e8be4b45425d136ea,No,Yes,1.0,"OrderedDict([('0001', ['segment'])])","OrderedDict([('0001', [])])"
163,592382bd175643669f99faa643fda31e,No,Yes,1.0,"OrderedDict([('0001', ['segment'])])","OrderedDict([('0001', [])])"
164,3c7550dc94b141fb93ab4ab2f4ed3278,No,Yes,1.0,"OrderedDict([('0001', ['segment'])])","OrderedDict([('0001', [])])"
165,078c768f4bd94c1d81a6743876506719,No,Yes,1.0,"OrderedDict([('0001', ['segment'])])","OrderedDict([('0001', [])])"
166,2c247864b22f48f1a415dd2f1fbe6c12,No,Yes,1.0,"OrderedDict([('0001', ['segment'])])","OrderedDict([('0001', [])])"
167,9eecf5247cb84fe2b664a70918c21334,No,Yes,1.0,"OrderedDict([('0001', ['segment'])])","OrderedDict([('0001', [])])"
168,8942af69491842b28097c3417703b5d8,No,Yes,1.0,"OrderedDict([('0001', ['segment'])])","OrderedDict([('0001', [])])"
169,89f4e008b48f46328a64515348aae46d,No,Yes,1.0,"OrderedDict([('0001', ['segment'])])","OrderedDict([('0001', [])])"
170,2bbd9f2af0e14bd0ae76b08dbb558dbb,No,Yes,1.0,"OrderedDict([('0001', ['segment'])])","OrderedDict([('0001', [])])"
171,d70b476195d9425da3926be96e0ca935,No,Yes,1.0,"OrderedDict([('0001', ['segment'])])","OrderedDict([('0001', [])])"
172,d21f0fb9e6af4b25ba0609bfb6343ded,No,Yes,1.0,"OrderedDict([('0001', ['segment'])])","OrderedDict([('0001', [])])"
173,645891b759274b95a685c0605aee8f10,No,Yes,1.0,"OrderedDict([('0001', ['segment'])])","OrderedDict([('0001', [])])"
174,59e3f46dec484b95b1c2d2815e5ddf38,No,Yes,1.0,"OrderedDict([('0001', ['segment'])])","OrderedDict([('0001', [])])"
175,84a2ef86600041779bf504d42da7c936,No,Yes,1.0,"OrderedDict([('0001', ['segment'])])","OrderedDict([('0001', [])])"
176,d0ddffface1946f093464d5cfbe41989,No,Yes,1.0,"OrderedDict([('0001', ['segment'])])","OrderedDict([('0001', [])])"
177,442dc7f8042247eb8aa88088b2e3811f,No,Yes,1.0,"OrderedDict([('0001', ['segment'])])","OrderedDict([('0001', [])])"
178,731b159074614f8e8c70cd45905209b0,No,Yes,1.0,"OrderedDict([('0001', ['segment'])])","OrderedDict([('0001', [])])"
179,32799764be17482fa39583058773c274,No,Yes,1.0,"OrderedDict([('0001', ['segment'])])","OrderedDict([('0001', [])])"
180,552d2ff2bd8448b49eb61774288c3629,No,Yes,1.0,"OrderedDict([('0001', ['segment'])])","OrderedDict([('0001', [])])"
181,c69a3c641b38471281032d83b304b3a6,No,Yes,1.0,"OrderedDict([('0001', ['segment'])])","OrderedDict([('0001', [])])"
182,e80e89bae2e447169983595a39d0f271,No,Yes,1.0,"OrderedDict([('0001', ['segment'])])","OrderedDict([('0001', [])])"
183,e2d31c77a462429394ade9e0315cc968,No,Yes,1.0,"OrderedDict([('0001', ['segment'])])","OrderedDict([('0001', [])])"
184,fadf26615a5643f28391c002b17b8a04,No,Yes,1.0,"OrderedDict([('0001', ['segment'])])","OrderedDict([('0001', [])])"
185,9231fdb79f8c4e648311d3557905c394,No,Yes,1.0,"OrderedDict([('0001', ['segment'])])","OrderedDict([('0001', [])])"
186,72f06ef8241b49b9a0534673f614969e,No,Yes,1.0,"OrderedDict([('0001', ['segment'])])","OrderedDict([('0001', [])])"
187,192ec5a7e78040168a0833e0df6b07da,No,Yes,1.0,"OrderedDict([('0001', ['segment'])])","OrderedDict([('0001', [])])"
188,5a3488757615480089262454ad0401ed,No,Yes,1.0,"OrderedDict([('0001', ['segment'])])","OrderedDict([('0001', [])])"
189,2926935389764e99aa738f7d2d6bda4e,No,Yes,1.0,"OrderedDict([('0001', ['segment'])])","OrderedDict([('0001', [])])"
190,74e24c8e2dc04e3e824b63dfd0dd55ef,No,Yes,1.0,"OrderedDict([('0001', ['segment'])])","OrderedDict([('0001', [])])"
191,71c7263fa6304176898372634637be24,No,Yes,1.0,"OrderedDict([('0001', ['segment'])])","OrderedDict([('0001', [])])"
192,c320d4713e13446f9b2f38d1b1021a90,No,Yes,1.0,"OrderedDict([('0001', ['segment'])])","OrderedDict([('0001', [])])"
193,f6ec2f8e613d4909bbb56f9feb251d69,No,Yes,1.0,"OrderedDict([('0001', ['segment'])])","OrderedDict([('0001', [])])"
194,3d0c44ab73b94c21a0294c05ab5a9cf3,No,Yes,1.0,"OrderedDict([('0001', ['segment'])])","OrderedDict([('0001', [])])"
195,e94a78c2592a4aff88e91a88b62723e5,No,Yes,1.0,"OrderedDict([('0001', ['segment'])])","OrderedDict([('0001', [])])"
196,55f3b64865074ae5b880f71625ebd47c,No,Yes,1.0,"OrderedDict([('0001', ['segment'])])","OrderedDict([('0001', [])])"
197,000e6a213c624899b38c612cfc530796,No,Yes,1.0,"OrderedDict([('0001', ['segment'])])","OrderedDict([('0001', [])])"
198,05ea4695038b4d709fee4bae91ecda57,No,Yes,1.0,"OrderedDict([('0001', ['segment'])])","OrderedDict([('0001', [])])"
199,b9de6c0778f341f284eae4f4a9af70ce,No,Yes,1.0,"OrderedDict([('0001', ['segment'])])","OrderedDict([('0001', [])])"
200,93fda2caae3c4d27b99f1fa2a43aef4a,No,Yes,1.0,"OrderedDict([('0001', ['segment'])])","OrderedDict([('0001', [])])"
201,349d03f2f06a4a8ea42bdb173fcf9b0d,No,Yes,1.0,"OrderedDict([('0001', ['segment'])])","OrderedDict([('0001', [])])"
202,31c0d6f7310c4131ae9f03089f9125e7,No,Yes,1.0,"OrderedDict([('0001', ['segment'])])","OrderedDict([('0001', [])])"
203,6e34ae483b7d473889ab26a3ed0660b6,No,Yes,1.0,"OrderedDict([('0001', ['segment'])])","OrderedDict([('0001', [])])"
204,f678a3c2e84b4516b86d2d32e6c3a163,No,Yes,1.0,"OrderedDict([('0001', ['segment'])])","OrderedDict([('0001', [])])"
205,e21d1f6126bc475282aa4665392505ee,No,Yes,1.0,"OrderedDict([('0001', ['segment'])])","OrderedDict([('0001', [])])"
206,71c65af0d249493ea99e04cf4de3f7bc,No,Yes,1.0,"OrderedDict([('0001', ['segment'])])","OrderedDict([('0001', [])])"
207,91f163b4e7cf4789ba7fcec9e68a2804,No,Yes,1.0,"OrderedDict([('0001', ['segment'])])","OrderedDict([('0001', [])])"
208,7918339899a041ffa08de208a1f4fde8,No,Yes,1.0,"OrderedDict([('0001', ['segment'])])","OrderedDict([('0001', [])])"
209,7e7881d6b192482ead9352a5cd58038f,No,Yes,1.0,"OrderedDict([('0001', ['segment'])])","OrderedDict([('0001', [])])"
210,195c27d6717e4a1faaf2c6200afcc8b2,No,Yes,1.0,"OrderedDict([('0001', ['segment'])])","OrderedDict([('0001', [])])"
211,c3a9977046fb4a149070c4a57c01dd81,No,Yes,1.0,"OrderedDict([('0001', ['segment'])])","OrderedDict([('0001', [])])"
212,aef7ef7ab4d04fb68485a1c9e923523e,No,Yes,1.0,"OrderedDict([('0001', ['segment'])])","OrderedDict([('0001', [])])"
213,68658d598a394e6ebc5d5b66bab8c64b,No,Yes,1.0,"OrderedDict([('0001', ['segment'])])","OrderedDict([('0001', [])])"
214,c1dbed73270a4d9fa57ee848c60c8d4c,No,Yes,1.0,"OrderedDict([('0001', ['segment'])])","OrderedDict([('0001', [])])"
215,335bf84842ac45c4bc75229a21b61304,No,Yes,1.0,"OrderedDict([('0001', ['segment'])])","OrderedDict([('0001', [])])"
216,1373c248a475478bbf483d4c7612ba46,No,Yes,1.0,"OrderedDict([('0001', ['segment'])])","OrderedDict([('0001', [])])"
217,384d16d7c8554e3dacae94551694fe35,No,Yes,1.0,"OrderedDict([('0001', ['segment'])])","OrderedDict([('0001', [])])"
218,2a1f1aa2366f49479844fe5da3b088bd,No,Yes,1.0,"OrderedDict([('0001', ['segment'])])","OrderedDict([('0001', [])])"
219,f5012a764f19411a8ab25f4e388f71a8,No,Yes,1.0,"OrderedDict([('0001', ['segment'])])","OrderedDict([('0001', [])])"
220,f4ec74c048284b5fb8066a982e2cba7f,No,Yes,1.0,"OrderedDict([('0001', ['segment'])])","OrderedDict([('0001', [])])"
221,c70c3a5a54e0470d86df1f27fcfb340a,No,Yes,1.0,"OrderedDict([('0001', ['segment'])])","OrderedDict([('0001', [])])"
222,98f4b91faa734de4af78cb855e439154,No,Yes,1.0,"OrderedDict([('0001', ['segment'])])","OrderedDict([('0001', [])])"
223,24f0bc0c9cbd41e48870011a509d902f,No,Yes,1.0,"OrderedDict([('0001', ['segment'])])","OrderedDict([('0001', [])])"
224,686f52a33a3d4f02899a1ad3b3b3301d,No,Yes,1.0,"OrderedDict([('0001', ['segment'])])","OrderedDict([('0001', [])])"
225,35508be96b494f08a17b1d26a5c4799e,No,Yes,1.0,"OrderedDict([('0001', ['segment'])])","OrderedDict([('0001', [])])"
226,4f5946cc7c2e456c8841e1c95e3b0cdc,No,Yes,1.0,"OrderedDict([('0001', ['segment'])])","OrderedDict([('0001', [])])"
227,6f2c27235cb740f7bc8be6e4131547c6,No,Yes,1.0,"OrderedDict([('0001', ['segment'])])","OrderedDict([('0001', [])])"
228,9a7d8ffc6824465fb58ed4f900838a21,No,Yes,1.0,"OrderedDict([('0001', ['segment'])])","OrderedDict([('0001', [])])"
229,29e15c7fd8e14b6d9d67bca0d9c0bf72,No,Yes,1.0,"OrderedDict([('0001', ['segment'])])","OrderedDict([('0001', [])])"
230,0f983d524f73475caa16d49f6d5ae258,No,Yes,1.0,"OrderedDict([('0001', ['segment'])])","OrderedDict([('0001', [])])"
231,208f47cf7d664e8580cee1a4becbc897,No,Yes,1.0,"OrderedDict([('0001', ['segment'])])","OrderedDict([('0001', [])])"
232,d454b6e1c7794dfea19d1484f894348e,No,Yes,1.0,"OrderedDict([('0001', ['segment'])])","OrderedDict([('0001', [])])"
233,f7c0b4e7ce9c4e898bc06cb9b764f011,No,Yes,1.0,"OrderedDict([('0001', ['segment'])])","OrderedDict([('0001', [])])"
234,13b4c280396e407e8246865b1865e1d3,No,Yes,1.0,"OrderedDict([('0001', ['segment'])])","OrderedDict([('0001', [])])"
235,456338d1b6ea43c5b7e7bbca3c512d50,No,Yes,1.0,"OrderedDict([('0001', ['segment'])])","OrderedDict([('0001', [])])"
236,8e88fcf3bb034a16bf03623cb0a27367,No,Yes,1.0,"OrderedDict([('0001', ['segment'])])","OrderedDict([('0001', [])])"
237,31d7008659cf41919edba6c0754e6d59,No,Yes,1.0,"OrderedDict([('0001', ['segment'])])","OrderedDict([('0001', [])])"
238,6fbce773a05146638afc4d734a8f1df8,No,Yes,1.0,"OrderedDict([('0001', ['segment'])])","OrderedDict([('0001', [])])"
239,3c2a4bff3ddb4fc3a05da91b398cdbf9,No,Yes,1.0,"OrderedDict([('0001', ['segment'])])","OrderedDict([('0001', [])])"
240,e21b6ad33add4b799b64aea010d3f34c,No,Yes,1.0,"OrderedDict([('0001', ['segment'])])","OrderedDict([('0001', [])])"
241,53570d25c7914e8a9c2a6a84fc53c1c5,No,Yes,1.0,"OrderedDict([('0001', ['segment'])])","OrderedDict([('0001', [])])"
242,775c7c47441a4b75bcdcc69d6cddff16,No,Yes,1.0,"OrderedDict([('0001', ['segment'])])","OrderedDict([('0001', [])])"
243,f64b4b33fd784a15ad07f553afc0debb,No,Yes,1.0,"OrderedDict([('001', ['segment'])])","OrderedDict([('001', [])])"
244,80b1dc514de54cf1802c666b4b2a948a,No,Yes,1.0,"OrderedDict([('0001', ['segment'])])","OrderedDict([('0001', [])])"
245,9e3df74c6388448e8da53a40dde6ccc8,No,Yes,1.0,"OrderedDict([('0001', ['segment'])])","OrderedDict([('0001', [])])"
246,f4007205613442dd930252becd3cd871,No,Yes,1.0,"OrderedDict([('0001', ['segment'])])","OrderedDict([('0001', [])])"
247,1f64243b122746879661344483ddb916,No,Yes,1.0,"OrderedDict([('0001', ['segment'])])","OrderedDict([('0001', [])])"
248,0b24df05071448a3b9788bcc26527a5b,No,Yes,1.0,"OrderedDict([('0001', ['segment'])])","OrderedDict([('0001', [])])"
249,e857c8416e894021bfc5bf30b2998add,No,Yes,1.0,"OrderedDict([('0001', ['segment'])])","OrderedDict([('0001', [])])"
250,2c5b00568b6042d38b57a9277e4c2170,No,Yes,1.0,"OrderedDict([('0001', ['segment'])])","OrderedDict([('0001', [])])"
251,58208c6f55214be196134316fe4f49da,No,Yes,1.0,"OrderedDict([('0001', ['segment'])])","OrderedDict([('0001', [])])"
252,38b5127721074542a1f9374368744dd9,No,Yes,1.0,"OrderedDict([('0001', ['segment'])])","OrderedDict([('0001', [])])"
253,23e0309c4edc4213afdf7b6819f0be7d,No,Yes,1.0,"OrderedDict([('0001', ['segment'])])","OrderedDict([('0001', [])])"
254,08de0809829c4d679814209058eaa995,No,Yes,1.0,"OrderedDict([('0001', ['segment'])])","OrderedDict([('0001', [])])"
255,884c7f9d43594ceea5fe538fbbfeb4ef,No,Yes,1.0,"OrderedDict([('0001', ['segment'])])","OrderedDict([('0001', [])])"
256,0a9ab50e1034424a8c5b689163882b56,No,Yes,1.0,"OrderedDict([('0001', ['segment'])])","OrderedDict([('0001', [])])"
257,981f251f6ea244d3ba34b1d9fcdcc78a,No,Yes,1.0,"OrderedDict([('0001', ['segment'])])","OrderedDict([('0001', [])])"
258,ac1d453e88a7432bbcf6831853250803,No,Yes,1.0,"OrderedDict([('0001', ['segment'])])","OrderedDict([('0001', [])])"
259,87b2a251bc2342c3bd595f438b040382,No,Yes,1.0,"OrderedDict([('0001', ['segment'])])","OrderedDict([('0001', [])])"
260,3c223f95a72446f989519e881d25f3b9,No,Yes,1.0,"OrderedDict([('0001', ['segment'])])","OrderedDict([('0001', [])])"
261,eb5c978da87d464292f3233ad0a4cfa6,No,Yes,1.0,"OrderedDict([('0001', ['segment'])])","OrderedDict([('0001', [])])"
262,47d97c268c6b4cdf843f3101eb77278d,No,Yes,1.0,"OrderedDict([('v001', ['yigchung', 'author', 'book_number', 'sub_title', 'citation', 'book_title', 'tsawa', 'chapter', 'sabche'])])","OrderedDict([('v001', [])])"
263,3699439df3164d7ba0e35434eadf11a5,No,Yes,1.0,"OrderedDict([('v001', ['yigchung', 'author', 'book_number', 'sub_title', 'citation', 'book_title', 'tsawa', 'chapter', 'sabche'])])","OrderedDict([('v001', [])])"
264,aebf50d51e674a51963a663b9f52b72f,No,Yes,1.0,"OrderedDict([('0001', ['segment'])])","OrderedDict([('0001', [])])"
265,92cea77638c24221922198bc17a34299,No,Yes,1.0,"OrderedDict([('0001', ['segment'])])","OrderedDict([('0001', [])])"
266,28fa78fdec8a4e41b062455b7c10a49e,No,Yes,1.0,"OrderedDict([('0001', ['segment'])])","OrderedDict([('0001', [])])"
267,7f0c01572aa4438b864aa372821385f6,No,Yes,1.0,"OrderedDict([('0001', ['segment'])])","OrderedDict([('0001', [])])"
268,6074c6c87ed9460cb378b895b63c2fd8,No,Yes,1.0,"OrderedDict([('0001', ['segment'])])","OrderedDict([('0001', [])])"
269,d68d13636b044a4d8f4dcf91e63511ea,No,Yes,1.0,"OrderedDict([('0001', ['segment'])])","OrderedDict([('0001', [])])"
270,7d3481d844fa442f9c1eca278df35b80,No,Yes,1.0,"OrderedDict([('0001', ['segment'])])","OrderedDict([('0001', [])])"
271,64e658128b7c4ff2bb87d0f7e5096757,No,Yes,1.0,"OrderedDict([('0001', ['segment'])])","OrderedDict([('0001', [])])"
272,c0045f9fdb6a4fabb25582af7ba220de,No,Yes,1.0,"OrderedDict([('0001', ['segment'])])","OrderedDict([('0001', [])])"
273,3bba2c5cb15d4019b0f6823466012b9c,No,Yes,1.0,"OrderedDict([('0001', ['segment'])])","OrderedDict([('0001', [])])"
274,28e05413e60a4a8682bb0de8cb775ce0,No,Yes,1.0,"OrderedDict([('0001', ['segment'])])","OrderedDict([('0001', [])])"
275,ed32c01d8fcc45c9886f3bc83c0c9630,No,Yes,1.0,"OrderedDict([('0001', ['segment'])])","OrderedDict([('0001', [])])"
276,53ca0fdd27a743df8e49b5f456c00042,No,Yes,1.0,"OrderedDict([('0001', ['segment'])])","OrderedDict([('0001', [])])"
277,5404f654b6d74991895166d27214fb78,No,Yes,1.0,"OrderedDict([('0001', ['segment'])])","OrderedDict([('0001', [])])"
278,b2c75c5d59c247a58be9b9faebf3099d,No,Yes,1.0,"OrderedDict([('0001', ['segment'])])","OrderedDict([('0001', [])])"
279,47d7f0a3626a4f829feefa839b115303,No,Yes,1.0,"OrderedDict([('0001', ['segment'])])","OrderedDict([('0001', [])])"
280,13b17a36f91141f082973aca779c5995,No,Yes,1.0,"OrderedDict([('0001', ['segment'])])","OrderedDict([('0001', [])])"
281,5b2e59b335a7404da5e0ac9c3e38cbe8,No,Yes,1.0,"OrderedDict([('0001', ['segment'])])","OrderedDict([('0001', [])])"
282,0dba079b52e348fa86f031b4f30d6b92,No,Yes,1.0,"OrderedDict([('0001', ['segment'])])","OrderedDict([('0001', [])])"
283,47a6fd0236844adea9276ee1489ebad6,No,Yes,1.0,"OrderedDict([('0001', ['segment'])])","OrderedDict([('0001', [])])"
284,76581708a4864887a4be494fd44173ed,No,Yes,1.0,"OrderedDict([('0001', ['segment'])])","OrderedDict([('0001', [])])"
285,ab4ea2c531c24cd89b9d7a358fc7ccd2,No,Yes,1.0,"OrderedDict([('0001', ['segment'])])","OrderedDict([('0001', [])])"
286,cf2d83c245784c1481fc7d35f6ded4f6,No,Yes,1.0,"OrderedDict([('0001', ['segment'])])","OrderedDict([('0001', [])])"
287,6c4b139f830543108a388b9550aebf71,No,Yes,1.0,"OrderedDict([('0001', ['segment'])])","OrderedDict([('0001', [])])"
288,38cb6c0659ba4364a590323dfcb48dc1,No,Yes,1.0,"OrderedDict([('0001', ['segment'])])","OrderedDict([('0001', [])])"
289,ad79fa29124147078d4d572388f3d80c,No,Yes,1.0,"OrderedDict([('0001', ['segment'])])","OrderedDict([('0001', [])])"
290,23a7428c686b4c2d918e804265f3bfd1,No,Yes,1.0,"OrderedDict([('0001', ['segment'])])","OrderedDict([('0001', [])])"
291,033d32c488fe48ad8fe0ce42b41f8ed4,No,Yes,1.0,"OrderedDict([('0001', ['segment'])])","OrderedDict([('0001', [])])"
292,4084ce5448ea4f95b346baddf7c5f1ba,No,Yes,1.0,"OrderedDict([('0001', ['segment'])])","OrderedDict([('0001', [])])"
293,cba19f3fd2f94c0780be2e9fcaafa518,No,Yes,1.0,"OrderedDict([('0001', ['segment'])])","OrderedDict([('0001', [])])"
294,409960acad31421994be2ab47823bd0c,No,Yes,1.0,"OrderedDict([('0001', ['segment'])])","OrderedDict([('0001', [])])"
295,03f2cd1b14b1492ca6015be5b1f52eb4,No,Yes,1.0,"OrderedDict([('0001', ['segment'])])","OrderedDict([('0001', [])])"
296,25aa46a4cabc4651b1cf0294134d7dbb,No,Yes,1.0,"OrderedDict([('0001', ['segment'])])","OrderedDict([('0001', [])])"
297,e159adc4d50b40df8fc127325d223606,No,Yes,1.0,"OrderedDict([('0001', ['segment'])])","OrderedDict([('0001', [])])"
298,2f48e8d4cd654c22a1bcabf8a381a02a,No,Yes,1.0,"OrderedDict([('0001', ['segment'])])","OrderedDict([('0001', [])])"
299,ff7b09a955704a3aabb3c9ed9fb51282,No,Yes,1.0,"OrderedDict([('0001', ['segment'])])","OrderedDict([('0001', [])])"
300,c19aef7e92a7426ab6a973cf9310fee3,No,Yes,1.0,"OrderedDict([('0001', ['segment'])])","OrderedDict([('0001', [])])"
301,21614ada69594659bb0ebf4d05381f6c,No,Yes,1.0,"OrderedDict([('0001', ['segment'])])","OrderedDict([('0001', [])])"
302,a57a0077c9ef4079805f59bfcbac83bd,No,Yes,1.0,"OrderedDict([('0001', ['segment'])])","OrderedDict([('0001', [])])"
303,252fa1e652f8426b9ac7a87de401b892,No,Yes,1.0,"OrderedDict([('0001', ['segment'])])","OrderedDict([('0001', [])])"
304,8a3636bdbfda42f09b254b82aa39201d,No,Yes,1.0,"OrderedDict([('0001', ['segment'])])","OrderedDict([('0001', [])])"
305,b57634b7d977430f8dbaef0903b97a47,No,Yes,1.0,"OrderedDict([('0001', ['segment'])])","OrderedDict([('0001', [])])"
306,1e304cfea364415ba8bc1af3d78c37be,No,Yes,1.0,"OrderedDict([('0001', ['segment'])])","OrderedDict([('0001', [])])"
307,9e5491ed35c24840a008f61bfcfcc1b6,No,Yes,1.0,"OrderedDict([('0001', ['segment'])])","OrderedDict([('0001', [])])"
308,e8e091600a1f4c2f8c7377738af88e8e,No,Yes,1.0,"OrderedDict([('0001', ['segment'])])","OrderedDict([('0001', [])])"
309,2b23b10c916344f18512af3f7830345c,No,Yes,1.0,"OrderedDict([('0001', ['segment'])])","OrderedDict([('0001', [])])"
310,3dd7ccdf8c29452c84457cbd0020a2c5,No,Yes,1.0,"OrderedDict([('0001', ['segment'])])","OrderedDict([('0001', [])])"
311,ef2da45d70424e0faafd1fc03d4777da,No,Yes,1.0,"OrderedDict([('0001', ['segment'])])","OrderedDict([('0001', [])])"
312,f6ee50cc3531471a95eaae5d72ee3b49,No,Yes,1.0,"OrderedDict([('0001', ['segment'])])","OrderedDict([('0001', [])])"
313,1b1d54101994416abf68c4830f800485,Yes,Yes,1.0,"OrderedDict([('v061', ['pagination', 'durchen'])])","OrderedDict([('v061', [])])"
314,9e8d18fd9ed94f20a29250ab181809e5,Yes,Yes,1.0,"OrderedDict([('v061', ['peydurma', 'pagination', 'durchen'])])","OrderedDict([('v061', [])])"
315,623ecc21a2664bb6a1592a04d976f9fa,No,No,0.0,,
316,f87908e0f433488b9d9f46c962acbf90,Yes,Yes,1.0,"OrderedDict([('v001', ['pagination', 'durchen'])])","OrderedDict([('v001', [])])"
317,5e6806e4254f42f9a40738c26bf6fe92,Yes,Yes,1.0,"OrderedDict([('v001', ['peydurma', 'pagination', 'durchen'])])","OrderedDict([('v001', [])])"
318,c8791c816ca5482e95ccbebaae738d0a,Yes,Yes,1.0,"OrderedDict([('v013', ['peydurma', 'pagination', 'durchen'])])","OrderedDict([('v013', [])])"
319,1c2cb9fcf0a940b3966d2f9ed17e045d,Yes,Yes,1.0,"OrderedDict([('v013', ['pagination', 'durchen'])])","OrderedDict([('v013', [])])"
320,870326402308432ba173ee3d9043224a,Yes,Yes,108.0,"OrderedDict([('v063', ['pagination', 'durchen']), ('v103', ['pagination', 'durchen']), ('v068', ['pagination', 'durchen']), ('v059', ['pagination', 'durchen']), ('v102', ['pagination', 'durchen']), ('v106', ['pagination']), ('v025', ['pagination', 'durchen']), ('v093', ['pagination', 'durchen']), ('v084', ['pagination', 'durchen']), ('v031', ['pagination', 'durchen']), ('v087', ['pagination', 'durchen']), ('v094', ['pagination', 'durchen']), ('v048', ['pagination', 'durchen']), ('v007', ['pagination', 'durchen']), ('v034', ['pagination', 'durchen']), ('v040', ['pagination', 'durchen']), ('v041', ['pagination', 'durchen']), ('v044', ['pagination', 'durchen']), ('v100', ['pagination', 'durchen']), ('v002', ['pagination', 'durchen']), ('v027', ['pagination', 'durchen']), ('v108', ['pagination']), ('v095', ['pagination', 'durchen']), ('v060', ['pagination', 'durchen']), ('v089', ['pagination', 'durchen']), ('v004', ['pagination', 'durchen']), ('v079', ['pagination', 'durchen']), ('v005', ['pagination', 'durchen']), ('v050', ['pagination', 'durchen']), ('v039', ['pagination', 'durchen']), ('v038', ['pagination', 'durchen']), ('v028', ['pagination', 'durchen']), ('v045', ['pagination', 'durchen']), ('v032', ['pagination', 'durchen']), ('v091', ['pagination', 'durchen']), ('v006', ['pagination', 'durchen']), ('v013', ['pagination', 'durchen']), ('v001', ['pagination', 'durchen']), ('v036', ['pagination', 'durchen']), ('v033', ['pagination', 'durchen']), ('v015', ['pagination', 'durchen']), ('v076', ['pagination', 'durchen']), ('v104', ['peydurma', 'pagination', 'durchen']), ('v083', ['pagination', 'durchen']), ('v026', ['pagination', 'durchen']), ('v073', ['pagination', 'durchen']), ('v051', ['pagination', 'durchen']), ('v098', ['pagination', 'durchen']), ('v080', ['pagination', 'durchen']), ('v043', ['pagination', 'durchen']), ('v018', ['pagination', 'durchen']), ('v097', ['pagination', 'durchen']), ('v105', ['pagination']), ('v047', ['pagination', 'durchen']), ('v066', ['pagination', 'durchen']), ('v107', ['pagination']), ('v011', ['pagination', 'durchen']), ('v071', ['pagination', 'durchen']), ('v012', ['pagination', 'durchen']), ('v021', ['pagination', 'durchen']), ('v054', ['pagination', 'durchen']), ('v090', ['pagination', 'durchen']), ('v008', ['pagination', 'durchen']), ('v037', ['pagination', 'durchen']), ('v070', ['pagination', 'durchen']), ('v010', ['pagination', 'durchen']), ('v085', ['pagination', 'durchen']), ('v030', ['pagination', 'durchen']), ('v055', ['pagination', 'durchen']), ('v058', ['pagination', 'durchen']), ('v082', ['pagination', 'durchen']), ('v065', ['pagination', 'durchen']), ('v077', ['pagination', 'durchen']), ('v064', ['pagination', 'durchen']), ('v052', ['pagination', 'durchen']), ('v035', ['pagination', 'durchen']), ('v074', ['pagination', 'durchen']), ('v072', ['pagination', 'durchen']), ('v096', ['pagination', 'durchen']), ('v092', ['pagination', 'durchen']), ('v046', ['pagination', 'durchen']), ('v022', ['pagination', 'durchen']), ('v016', ['pagination', 'durchen']), ('v020', ['pagination', 'durchen']), ('v042', ['pagination', 'durchen']), ('v101', ['pagination', 'durchen']), ('v023', ['pagination', 'durchen']), ('v019', ['pagination', 'durchen']), ('v086', ['pagination', 'durchen']), ('v088', ['pagination', 'durchen']), ('v049', ['pagination', 'durchen']), ('v069', ['pagination', 'durchen']), ('v099', ['pagination', 'durchen']), ('v003', ['pagination', 'durchen']), ('v056', ['pagination', 'durchen']), ('v024', ['pagination', 'durchen']), ('v081', ['pagination', 'durchen']), ('v014', ['pagination', 'durchen']), ('v009', ['pagination', 'durchen']), ('v062', ['pagination', 'durchen']), ('v067', ['pagination', 'durchen']), ('v017', ['pagination', 'durchen']), ('v029', ['pagination', 'durchen']), ('v061', ['pagination', 'durchen']), ('v078', ['pagination', 'durchen']), ('v075', ['pagination', 'durchen']), ('v053', ['pagination', 'durchen']), ('v057', ['pagination', 'durchen'])])","OrderedDict([('v063', []), ('v103', []), ('v068', []), ('v059', []), ('v102', []), ('v106', []), ('v025', []), ('v093', []), ('v084', []), ('v031', []), ('v087', []), ('v094', []), ('v048', []), ('v007', []), ('v034', []), ('v040', []), ('v041', []), ('v044', []), ('v100', []), ('v002', []), ('v027', []), ('v108', []), ('v095', []), ('v060', []), ('v089', []), ('v004', []), ('v079', []), ('v005', []), ('v050', []), ('v039', []), ('v038', []), ('v028', []), ('v045', []), ('v032', []), ('v091', []), ('v006', []), ('v013', []), ('v001', []), ('v036', []), ('v033', []), ('v015', []), ('v076', []), ('v104', []), ('v083', []), ('v026', []), ('v073', []), ('v051', []), ('v098', []), ('v080', []), ('v043', []), ('v018', []), ('v097', []), ('v105', []), ('v047', []), ('v066', []), ('v107', []), ('v011', []), ('v071', []), ('v012', []), ('v021', []), ('v054', []), ('v090', []), ('v008', []), ('v037', []), ('v070', []), ('v010', []), ('v085', []), ('v030', []), ('v055', []), ('v058', []), ('v082', []), ('v065', []), ('v077', []), ('v064', []), ('v052', []), ('v035', []), ('v074', []), ('v072', []), ('v096', []), ('v092', []), ('v046', []), ('v022', []), ('v016', []), ('v020', []), ('v042', []), ('v101', []), ('v023', []), ('v019', []), ('v086', []), ('v088', []), ('v049', []), ('v069', []), ('v099', []), ('v003', []), ('v056', []), ('v024', []), ('v081', []), ('v014', []), ('v009', []), ('v062', []), ('v067', []), ('v017', []), ('v029', []), ('v061', []), ('v078', []), ('v075', []), ('v053', []), ('v057', [])])"
321,f36eda7db6cf463f846cedfff7cc359a,Yes,Yes,100.0,"OrderedDict([('v063', ['pagination', 'durchen']), ('v068', ['pagination', 'durchen']), ('v059', ['pagination', 'durchen']), ('v025', ['pagination', 'durchen']), ('v093', ['pagination', 'durchen']), ('v084', ['pagination', 'durchen']), ('v031', ['pagination', 'durchen']), ('v087', ['pagination', 'durchen']), ('v094', ['pagination', 'durchen']), ('v048', ['pagination', 'durchen']), ('v007', ['pagination', 'durchen']), ('v034', ['pagination', 'durchen']), ('v040', ['pagination', 'durchen', 'error_candidate']), ('v041', ['pagination', 'durchen']), ('v044', ['pagination', 'durchen']), ('v100', ['pagination', 'durchen']), ('v002', ['pagination', 'durchen']), ('v027', ['pagination', 'durchen']), ('v095', ['pagination', 'durchen']), ('v060', ['pagination', 'durchen']), ('v089', ['pagination', 'durchen']), ('v004', ['pagination', 'durchen']), ('v079', ['pagination', 'durchen']), ('v005', ['pagination', 'durchen']), ('v050', ['pagination', 'durchen']), ('v039', ['pagination', 'durchen']), ('v038', ['pagination', 'durchen']), ('v028', ['pagination', 'durchen']), ('v045', ['pagination', 'durchen']), ('v032', ['pagination', 'durchen']), ('v091', ['pagination', 'durchen']), ('v006', ['pagination', 'durchen']), ('v013', ['pagination', 'durchen']), ('v001', ['peydurma', 'pagination', 'durchen', 'error_candidate']), ('v036', ['pagination', 'durchen']), ('v033', ['pagination', 'durchen']), ('v015', ['pagination', 'durchen']), ('v076', ['pagination', 'durchen', 'error_candidate']), ('v083', ['pagination', 'durchen']), ('v026', ['pagination', 'durchen']), ('v073', ['pagination', 'durchen']), ('v051', ['pagination', 'durchen']), ('v098', ['pagination', 'durchen']), ('v080', ['pagination', 'durchen']), ('v043', ['pagination', 'durchen']), ('v018', ['pagination', 'durchen']), ('v097', ['pagination', 'durchen']), ('v047', ['pagination', 'durchen']), ('v066', ['pagination', 'durchen']), ('v011', ['pagination', 'durchen']), ('v071', ['pagination', 'durchen']), ('v012', ['pagination', 'durchen']), ('v021', ['pagination', 'durchen']), ('v054', ['pagination', 'durchen']), ('v090', ['pagination', 'durchen']), ('v008', ['pagination', 'durchen']), ('v037', ['pagination', 'durchen']), ('v070', ['pagination', 'durchen']), ('v010', ['pagination', 'durchen']), ('v085', ['pagination', 'durchen']), ('v030', ['pagination', 'durchen']), ('v055', ['pagination', 'durchen']), ('v058', ['pagination', 'durchen']), ('v082', ['pagination', 'durchen']), ('v065', ['pagination', 'durchen']), ('v077', ['pagination', 'durchen']), ('v064', ['pagination', 'durchen']), ('v052', ['pagination', 'durchen']), ('v035', ['pagination', 'durchen']), ('v074', ['pagination', 'durchen']), ('v072', ['pagination', 'durchen']), ('v096', ['pagination', 'durchen']), ('v092', ['pagination', 'durchen', 'error_candidate']), ('v046', ['pagination', 'durchen']), ('v022', ['pagination', 'durchen']), ('v016', ['pagination', 'durchen', 'error_candidate']), ('v020', ['pagination', 'durchen']), ('v042', ['pagination', 'durchen']), ('v023', ['pagination', 'durchen']), ('v019', ['pagination', 'durchen']), ('v086', ['pagination', 'durchen']), ('v088', ['pagination', 'durchen']), ('v049', ['pagination', 'durchen']), ('v069', ['pagination', 'durchen']), ('v099', ['pagination', 'durchen']), ('v003', ['pagination', 'durchen']), ('v056', ['pagination', 'durchen']), ('v024', ['pagination', 'durchen']), ('v081', ['pagination', 'durchen']), ('v014', ['pagination', 'durchen']), ('v009', ['pagination', 'durchen']), ('v062', ['pagination', 'durchen']), ('v067', ['pagination', 'durchen']), ('v017', ['pagination', 'durchen']), ('v029', ['pagination', 'durchen', 'error_candidate']), ('v061', ['pagination', 'durchen']), ('v078', ['pagination', 'durchen']), ('v075', ['pagination', 'durchen']), ('v053', ['pagination', 'durchen']), ('v057', ['pagination', 'durchen'])])","OrderedDict([('v063', []), ('v068', []), ('v059', []), ('v025', []), ('v093', []), ('v084', []), ('v031', []), ('v087', []), ('v094', []), ('v048', []), ('v007', []), ('v034', []), ('v040', []), ('v041', []), ('v044', []), ('v100', []), ('v002', []), ('v027', []), ('v095', []), ('v060', []), ('v089', []), ('v004', []), ('v079', []), ('v005', []), ('v050', []), ('v039', []), ('v038', []), ('v028', []), ('v045', []), ('v032', []), ('v091', []), ('v006', []), ('v013', []), ('v001', []), ('v036', []), ('v033', []), ('v015', []), ('v076', []), ('v083', []), ('v026', []), ('v073', []), ('v051', []), ('v098', []), ('v080', []), ('v043', []), ('v018', []), ('v097', []), ('v047', []), ('v066', []), ('v011', []), ('v071', []), ('v012', []), ('v021', []), ('v054', []), ('v090', []), ('v008', []), ('v037', []), ('v070', []), ('v010', []), ('v085', []), ('v030', []), ('v055', []), ('v058', []), ('v082', []), ('v065', []), ('v077', []), ('v064', []), ('v052', []), ('v035', []), ('v074', []), ('v072', []), ('v096', []), ('v092', []), ('v046', []), ('v022', []), ('v016', []), ('v020', []), ('v042', []), ('v023', []), ('v019', []), ('v086', []), ('v088', []), ('v049', []), ('v069', []), ('v099', []), ('v003', []), ('v056', []), ('v024', []), ('v081', []), ('v014', []), ('v009', []), ('v062', []), ('v067', []), ('v017', []), ('v029', []), ('v061', []), ('v078', []), ('v075', []), ('v053', []), ('v057', [])])"
322,5170010ca00646a2ad92b14bda9b6ca0,Yes,Yes,1.0,"OrderedDict([('v025', ['pagination', 'durchen'])])","OrderedDict([('v025', [])])"
323,2146b67b54f04d9aa36df076b8fd3db8,Yes,Yes,1.0,"OrderedDict([('v057', ['pagination', 'durchen'])])","OrderedDict([('v057', [])])"
324,63b7aa14c7c54ca68a8ca8b66b506571,Yes,Yes,1.0,"OrderedDict([('v025', ['pagination', 'durchen'])])","OrderedDict([('v025', [])])"
325,3fc0b5b5ea4541ef85e736a566c9c2f5,Yes,Yes,1.0,"OrderedDict([('v025', ['pagination', 'durchen'])])","OrderedDict([('v025', [])])"
326,692088fbfdaf46bf9a3e78f757af18c0,Yes,Yes,1.0,"OrderedDict([('v060', ['peydurma', 'pagination', 'durchen'])])","OrderedDict([('v060', [])])"
327,5dc2e24415eb41a3838297b6d9be572e,Yes,Yes,1.0,"OrderedDict([('v025', ['pagination', 'durchen'])])","OrderedDict([('v025', [])])"
328,061737dcff2a47379e6b96f801417894,Yes,Yes,1.0,"OrderedDict([('v001', ['pagination', 'durchen'])])","OrderedDict([('v001', [])])"
329,601931e9a07742528d02648c425dd91e,No,Yes,1.0,"OrderedDict([('v001', ['pagination'])])","OrderedDict([('v001', [])])"
330,b72d153e347c49588ae8ece13ec6f774,No,Yes,1.0,"OrderedDict([('v001', ['pagination'])])","OrderedDict([('v001', [])])"
331,2a2ffce2740446149baec7d74bd96175,No,Yes,1.0,"OrderedDict([('v001', ['pagination'])])","OrderedDict([('v001', [])])"
332,07f1ad121c5445849c8abab1121eb5a8,No,Yes,1.0,"OrderedDict([('v001', ['pagination'])])","OrderedDict([('v001', [])])"
333,a27e03a661c54ee3b7bf80f63ce379e4,No,Yes,103.0,"OrderedDict([('v063', ['pagination']), ('v103', ['pagination']), ('v068', ['pagination']), ('v059', ['pagination']), ('v102', ['pagination']), ('v025', ['pagination']), ('v093', ['pagination']), ('v084', ['pagination']), ('v031', ['pagination']), ('v087', ['pagination']), ('v094', ['pagination']), ('v048', ['pagination']), ('v007', ['pagination']), ('v034', ['pagination']), ('v040', ['pagination']), ('v041', ['pagination']), ('v044', ['pagination']), ('v100', ['pagination']), ('v002', ['pagination']), ('v027', ['pagination']), ('v095', ['pagination']), ('v060', ['pagination']), ('v089', ['pagination']), ('v004', ['pagination']), ('v079', ['pagination']), ('v005', ['pagination']), ('v050', ['pagination']), ('v039', ['pagination']), ('v038', ['pagination']), ('v028', ['pagination']), ('v045', ['pagination']), ('v032', ['pagination']), ('v091', ['pagination']), ('v006', ['pagination']), ('v013', ['pagination']), ('v001', ['pagination']), ('v036', ['pagination']), ('v033', ['pagination']), ('v015', ['pagination']), ('v076', ['pagination']), ('v083', ['pagination']), ('v026', ['pagination']), ('v073', ['pagination']), ('v051', ['pagination']), ('v098', ['pagination']), ('v080', ['pagination']), ('v043', ['pagination']), ('v018', ['pagination']), ('v097', ['pagination']), ('v047', ['pagination']), ('v066', ['pagination']), ('v011', ['pagination']), ('v071', ['pagination']), ('v012', ['pagination']), ('v021', ['pagination']), ('v054', ['pagination']), ('v090', ['pagination']), ('v008', ['pagination']), ('v037', ['pagination']), ('v070', ['pagination']), ('v010', ['pagination']), ('v085', ['pagination']), ('v030', ['pagination']), ('v055', ['pagination']), ('v058', ['pagination']), ('v082', ['pagination']), ('v065', ['pagination']), ('v077', ['pagination']), ('v064', ['pagination']), ('v052', ['pagination']), ('v035', ['pagination']), ('v074', ['pagination']), ('v072', ['pagination']), ('v096', ['pagination']), ('v092', ['pagination']), ('v046', ['pagination']), ('v022', ['pagination']), ('v016', ['pagination']), ('v020', ['pagination']), ('v042', ['pagination']), ('v101', ['pagination']), ('v023', ['pagination']), ('v019', ['pagination']), ('v086', ['pagination']), ('v088', ['pagination']), ('v049', ['pagination']), ('v069', ['pagination']), ('v099', ['pagination']), ('v003', ['pagination']), ('v056', ['pagination']), ('v024', ['pagination']), ('v081', ['pagination']), ('v014', ['pagination']), ('v009', ['pagination']), ('v062', ['pagination']), ('v067', ['pagination']), ('v017', ['pagination']), ('v029', ['pagination']), ('v061', ['pagination']), ('v078', ['pagination']), ('v075', ['pagination']), ('v053', ['pagination']), ('v057', ['pagination'])])","OrderedDict([('v063', []), ('v103', []), ('v068', []), ('v059', []), ('v102', []), ('v025', []), ('v093', []), ('v084', []), ('v031', []), ('v087', []), ('v094', []), ('v048', []), ('v007', []), ('v034', []), ('v040', []), ('v041', []), ('v044', []), ('v100', []), ('v002', []), ('v027', []), ('v095', []), ('v060', []), ('v089', []), ('v004', []), ('v079', []), ('v005', []), ('v050', []), ('v039', []), ('v038', []), ('v028', []), ('v045', []), ('v032', []), ('v091', []), ('v006', []), ('v013', []), ('v001', []), ('v036', []), ('v033', []), ('v015', []), ('v076', []), ('v083', []), ('v026', []), ('v073', []), ('v051', []), ('v098', []), ('v080', []), ('v043', []), ('v018', []), ('v097', []), ('v047', []), ('v066', []), ('v011', []), ('v071', []), ('v012', []), ('v021', []), ('v054', []), ('v090', []), ('v008', []), ('v037', []), ('v070', []), ('v010', []), ('v085', []), ('v030', []), ('v055', []), ('v058', []), ('v082', []), ('v065', []), ('v077', []), ('v064', []), ('v052', []), ('v035', []), ('v074', []), ('v072', []), ('v096', []), ('v092', []), ('v046', []), ('v022', []), ('v016', []), ('v020', []), ('v042', []), ('v101', []), ('v023', []), ('v019', []), ('v086', []), ('v088', []), ('v049', []), ('v069', []), ('v099', []), ('v003', []), ('v056', []), ('v024', []), ('v081', []), ('v014', []), ('v009', []), ('v062', []), ('v067', []), ('v017', []), ('v029', []), ('v061', []), ('v078', []), ('v075', []), ('v053', []), ('v057', [])])"
